Region,Country
Balkans,Albania
Balkans,Bosnia and Herzegovina
Balkans,Bulgaria
Balkans,Croatia
Balkans,Kosovo
Balkans,Moldova
Balkans,Montenegro
Balkans,North Macedonia
Balkans,Romania
Balkans,Serbia
Balkans,Transnistria
Baltic states,Estonia
Baltic states,Latvia
Baltic states,Lithuania
Benelux,Netherlands
Benelux,Belgium
Benelux,Luxembourg
Britain and Ireland,United Kingdom
Britain and Ireland,Ireland
Britain and Ireland,Isle of Man
Britain and Ireland,Channel Islands
Caucasus,Abkhazia
Caucasus,Armenia
Caucasus,Azerbaijan
Caucasus,Georgia
Caucasus,Nagorno-Karabakh
Caucasus,South Ossetia
Caucasus,Russia
Central Europe,Austria
Central Europe,Czech Republic
Central Europe,Germany
Central Europe,Hungary
Central Europe,Liechtenstein
Central Europe,Poland
Central Europe,Slovakia
Central Europe,Slovenia
Central Europe,Switzerland
Eastern Europe,Belarus
Eastern Europe,Russia
Eastern Europe,Ukraine
Eastern Europe,Crimea
Eastern Europe,Donbas
France,Auvergne-Rhône-Alpes
France,Bourgogne-Franche-Comté
France,Brittany
France,Centre-Val de Loire
France,Corsica
France,Grand Est
France,Hauts-de-France
France,Île-de-France
France,Normandy
France,Nouvelle-Aquitaine
France,Occitanie
France,Pays de la Loire
France,Provence-Alpes-Côte d'Azur
Greece,Peloponnese
Greece,Central Greece
Greece,Thessaly
Greece,Northern Greece
Greece,Epirus
Greece,Greek Islands
Greece,Crete
Iberia,Andorra
Iberia,Portugal
Iberia,Spain
Iberia,Gibraltar
Nordic countries,Denmark
Nordic countries,Finland
Nordic countries,Iceland
Nordic countries,Norway
Nordic countries,Sweden
Nordic countries,Faroe Islands
Nordic countries,Åland
