Unnamed: 0,Country,Airport,CityServed,Continent,PhotoURL
0.0,France,Charles de Gaulle Airport,Paris,Europe,http://localhost:3000/assets/images/cities/paris.jpg
1.0,Netherlands,Amsterdam Airport Schiphol,Amsterdam,Europe,http://localhost:3000/assets/images/cities/amsterdam.jpg
2.0,Germany,Frankfurt am Main Airport,Frankfurt,Europe,http://localhost:3000/assets/images/cities/frankfurt.jpg
3.0,Spain,Adolfo Suárez Madrid–Barajas Airport,Madrid,Europe,http://localhost:3000/assets/images/cities/madrid.jpg
4.0,Spain,Josep Tarradellas Barcelona–El Prat Airport,Barcelona,Europe,http://localhost:3000/assets/images/cities/barcelona.jpg
5.0,Spain,Palma de Mallorca Airport,Mallorca,Europe,http://localhost:3000/assets/images/cities/mallorca.jpg
6.0,Greece,Athens International Airport,Athens,Europe,http://localhost:3000/assets/images/cities/athens.jpg
7.0,Germany,Munich Airport,Munich,Europe,http://localhost:3000/assets/images/cities/munich.jpg
8.0,Portugal,Lisbon Airport,Lisbon,Europe,http://localhost:3000/assets/images/cities/lisbon.jpg
9.0,Italy,Leonardo da Vinci–Fiumicino Airport,Rome,Europe,http://localhost:3000/assets/images/cities/rome.jpg
10.0,Austria,Vienna International Airport,Vienna,Europe,http://localhost:3000/assets/images/cities/vienna.jpg
11.0,Germany,Berlin Brandenburg Airport,Berlin,Europe,http://localhost:3000/assets/images/cities/berlin.jpg
12.0,Italy,Malpensa Airport,Milan,Europe,http://localhost:3000/assets/images/cities/milan.jpg
13.0,Belgium,Brussels Airport,Brussels,Europe,http://localhost:3000/assets/images/cities/brussels.jpg
14.0,Denmark,Copenhagen Airport,Copenhagen,Europe,http://localhost:3000/assets/images/cities/copenhagen.jpg
15.0,Spain,Málaga Airport,Malaga,Europe,http://localhost:3000/assets/images/cities/malaga.jpg
16.0,Ireland,Dublin Airport,Dublin,Europe,http://localhost:3000/assets/images/cities/dublin.jpg
17.0,Germany,Düsseldorf Airport,Dusseldorf,Europe,http://localhost:3000/assets/images/cities/dusseldorf.jpg
18.0,Sweden,Stockholm Arlanda Airport,Stockholm,Europe,http://localhost:3000/assets/images/cities/stockholm.jpg
19.0,Poland,Warsaw Chopin Airport,Warsaw,Europe,http://localhost:3000/assets/images/cities/warsaw.jpg
20.0,Romania,Henri Coandă International Airport,Bucharest,Europe,http://localhost:3000/assets/images/cities/bucharest.jpg
21.0,Spain,Gran Canaria Airport,Canaria,Europe,http://localhost:3000/assets/images/cities/canaria.jpg
22.0,France,Nice Côte d'Azur Airport,Nice,Europe,http://localhost:3000/assets/images/cities/nice.jpg
23.0,Italy,Catania-Fontanarossa Airport,Catania,Europe,http://localhost:3000/assets/images/cities/catania.jpg
24.0,Spain,Alicante Airport,Alicante,Europe,http://localhost:3000/assets/images/cities/alicante.jpg
25.0,Portugal,Porto Airport,Porto,Europe,http://localhost:3000/assets/images/cities/porto.jpg
26.0,Germany,Hamburg Airport,Hamburg,Europe,http://localhost:3000/assets/images/cities/hamburg.jpg
27.0,Greece,Heraklion International Airport,Heraklion,Europe,http://localhost:3000/assets/images/cities/heraklion.jpg
28.0,Spain,Ibiza Airport,Ibiza,Europe,http://localhost:3000/assets/images/cities/ibiza.jpg
29.0,France,Marseille Provence Airport,Marseille,Europe,http://localhost:3000/assets/images/cities/marseille.jpg
30.0,Italy,Naples Airport,Naples,Europe,http://localhost:3000/assets/images/cities/naples.jpg
31.0,Italy,Falcone–Borsellino Airport,Palermo,Europe,http://localhost:3000/assets/images/cities/palermo.jpg
32.0,Hungary,Budapest Ferenc Liszt International Airport,Budapest,Europe,http://localhost:3000/assets/images/cities/budapest.jpg
33.0,France,Lyon–Saint-Exupéry Airport,Lyon,Europe,http://localhost:3000/assets/images/cities/lyon.jpg
34.0,Spain,Tenerife South Airport,Tenerife,Europe,http://localhost:3000/assets/images/cities/tenerife.jpg
35.0,Czech Republic,Václav Havel Airport Prague,Prague,Europe,http://localhost:3000/assets/images/cities/prague.jpg
36.0,Finland,Helsinki Airport,Helsinki,Europe,http://localhost:3000/assets/images/cities/helsinki.jpg
37.0,Germany,Cologne Bonn Airport,Cologne,Europe,http://localhost:3000/assets/images/cities/cologne.jpg
38.0,Italy,Bologna Guglielmo Marconi Airport,Bologna,Europe,http://localhost:3000/assets/images/cities/bologna.jpg
39.0,Spain,Valencia Airport,Valencia,Europe,http://localhost:3000/assets/images/cities/valencia.jpg
40.0,France,Toulouse–Blagnac Airport,Toulouse,Europe,http://localhost:3000/assets/images/cities/toulouse.jpg
41.0,Germany,Stuttgart Airport,Stuttgart,Europe,http://localhost:3000/assets/images/cities/stuttgart.jpg
42.0,Greece,Thessaloniki Airport,Thessaloniki,Europe,http://localhost:3000/assets/images/cities/thessaloniki.jpg
43.0,Spain,Seville Airport,Seville,Europe,http://localhost:3000/assets/images/cities/seville.jpg
44.0,Italy,Venice Marco Polo Airport,Venice,Europe,http://localhost:3000/assets/images/cities/venice.jpg
,Mexico,Mexico City International Airport,Mexico_City,Latin America,http://localhost:3000/assets/images/cities/mexico_city.jpg
,Brazil,São Paulo/Guarulhos International Airport,Sao_Paulo,Latin America,http://localhost:3000/assets/images/cities/sao_paulo.jpg
,Colombia,El Dorado International Airport,Bogota,Latin America,http://localhost:3000/assets/images/cities/bogota.jpg
,Mexico,Cancún International Airport,Cancun,Latin America,http://localhost:3000/assets/images/cities/cancun.jpg
,Chile,Arturo Merino Benítez International Airport,Santiago,Latin America,http://localhost:3000/assets/images/cities/santiago.jpg
,Peru,Jorge Chávez International Airport,Lima,Latin America,http://localhost:3000/assets/images/cities/lima.jpg
,Mexico,Guadalajara International Airport,Guadalajara,Latin America,http://localhost:3000/assets/images/cities/guadalajara.jpg
,Panama,Tocumen International Airport,Panama_City,Latin America,http://localhost:3000/assets/images/cities/panama_city.jpg
,Argentina,Aeroparque Jorge Newbery,Buenos_Aires,Latin America,http://localhost:3000/assets/images/cities/buenos_aires.jpg
,Brazil,Brasília International Airport,Brasilia,Latin America,http://localhost:3000/assets/images/cities/brasilia.jpg
,Mexico,Tijuana International Airport,Tijuana,Latin America,http://localhost:3000/assets/images/cities/tijuana.jpg
,Mexico,Monterrey International Airport,Monterrey,Latin America,http://localhost:3000/assets/images/cities/monterrey.jpg
,Puerto Rico,Luis Muñoz Marín International Airport,San_Juan,Latin America,http://localhost:3000/assets/images/cities/san_juan.jpg
,Brazil,Viracopos International Airport,Campinas,Latin America,http://localhost:3000/assets/images/cities/campinas.jpg
,Brazil,Santos Dumont Airport,Rio_de_Janeiro,Latin America,http://localhost:3000/assets/images/cities/rio_de_janeiro.jpg
,Colombia,José María Córdova International Airport,Medellin,Latin America,http://localhost:3000/assets/images/cities/medellin.jpg
,Brazil,Belo Horizonte International Airport,Belo_Horizonte,Latin America,http://localhost:3000/assets/images/cities/belo_horizonte.jpg
,Dominican Republic,Punta Cana International Airport,Punta_Cana,Latin America,http://localhost:3000/assets/images/cities/punta_cana.jpg
,Brazil,Recife/Guararapes–Gilberto Freyre International Airport,Recife,Latin America,http://localhost:3000/assets/images/cities/recife.jpg
,Mexico,Los Cabos International Airport,Los_Cabos,Latin America,http://localhost:3000/assets/images/cities/los_cabos.jpg
,Brazil,Salgado Filho Porto Alegre International Airport,Porto_Alegre,Latin America,http://localhost:3000/assets/images/cities/porto_alegre.jpg
,Brazil,Salvador International Airport,Salvador,Latin America,http://localhost:3000/assets/images/cities/salvador.jpg
,Mexico,Puerto Vallarta International Airport,Puerto_Vallarta,Latin America,http://localhost:3000/assets/images/cities/puerto_vallarta.jpg
,Colombia,Alfonso Bonilla Aragón International Airport,Cali,Latin America,http://localhost:3000/assets/images/cities/cali.jpg
,Colombia,Rafael Nunez International Airport,Cartagena,Latin America,http://localhost:3000/assets/images/cities/cartagena.jpg
,Costa Rica,Juan Santamaría International Airport,San_Jose,Latin America,http://localhost:3000/assets/images/cities/san_jose.jpg
,Brazil,Fortaleza International Airport,Fortaleza,Latin America,http://localhost:3000/assets/images/cities/fortaleza.jpg
,Dominican Republic,Las Americas International Airport,Santo_Domingo,Latin America,http://localhost:3000/assets/images/cities/santo_domingo.jpg
